	Abaza	Abkhazian	Achi', Rabinal	Acoli	Adyghe; Adygei	African languages, other	Afrikaans	Aguaruna	Ahom	Ahtena	Ainu	Ajië	Akan	Akan-Ashante	Akan-Fante	Akkadian	Albanian	Algonquin	Alsacien	Altai, Southern	Amharic	Anglo-Norman	Anindilyakawa	Anmatyerre	Apache, Mescalero-Chiricahua	Apache, Western	Arabic	Arabic, Chadian Spoken	arabic, dialects of	Arabic, Moroccan spoken	Aragonese	Aramaic	Arapaho	Arawak	Arikapú	Arikara	Armenian	Armenian, Middle (ca. 1100-1500)	Armenian, Old	Arrarnta, Western	Aruá	Asháninka	Ashéninka Pajonal	Assamese	Asturian; Bable	Athabascan languages, other	Atikamekw	Aukan	Australian languages, other	Avaric	Avestan	Awadhi	Aymara	Azerbaijani	Azhe	Baka (Cameroon)	Baluchi	Bambara	Bandjalang	Baniwa	Bantu languages, other	Baoulé	Basa (Cameroon)	Bashkir	Basque	Bavarian	Bavarian, dialects of	Beembe	Belarusian	Belize Kriol English	Belorusian, Old	Bengali	Bengali, Old	Bété, Daola	Bété, Gagnoa	Bété, Guiberoua	Bhojpuri	Bislama	Blackfoot	Bohairic, dialect of Coptic	Bosnian	Brahui	Braj	Breton	Brussels	Budik	Buduma	Buginese	Bulgarian	Bulu	Burarra	Buriat	Burmese	Burushaski	Cahuilla	Cakchiquel, Central	Caló	Canela	Capanahua	Caquinte	Carib	Cashinahua	Catalan	Catalan, Balear	Catalan, Old	Catalan, Valencian	Catawba	Cebuano	Central American Indian Languages (Other)	Cerma	Chagatai	Chavacano	Chechen	Cherokee	Cheyenne	Chin, Falam	Chinantec, Ozumacin	Chinese	Chinese, Old	Chipewyan	Chippewa	Chokwe	Chukot	Chumash	Chumburung	Church Slavic, Old	Chuvash	Cochimi	Comanche	Comorian	Comorian, dialects of	Comorian, Ngazidja	Coptic	Coquille	Cornish	Corsican	Cree	Cree, Swampy	Crimean Tatar; Crimean Turkish	Croatian	Croatian, dialects of	Crow	Culina	Cuvok	CZE	Czech	Czech, dialects of	Czech, Old	Dagaare, Southern	Dagbani	Dakota	Danish	Dargwa	Dargwa, dialects of	Dehu	Delaware	Delaware, Pidgin	Delo	Desano	Digaro-Mishimi	Ditammari	Divehi; Maldivian	Djeebbana	Dogon, Toro So	Dogri	Dogrib	Dolgan	Duala	Dungan	Dutch	Dutch, Middle (ca.1050-1350)	Dutch, Old	Dzongkha	Eblaite; Eblan	Egyptian (Ancient)	Eipomek	Emerillon	Enets, Forest	Enets, Tundra	English	English, dialects of	English, Middle (1100-1500)	English, Old (ca.450-1100)	Erzya	Esperanto	Estonian	Etruscan	Even	Evenki	Ewe	Ewondo	Fang (Cameroon)	Fang (Equatorial Guinea)	Farefare	Faroese	Farsi, Eastern; Dari	Farsi, Western; Persian	Fijian	Filipino; Pilipino	Finnish	Fon	Franco-Provençal	French	French, dialects of	French, Middle (1400-1600)	French, Old (842-ca.1400)	Frisian, Eastern	Frisian, Northern	Frisian, Old	Frisian, Western	Friulian	Fulah	Fulfulde, Adamawa	Fulfulde, Maasina	Fwâi	Gaelic (Scots)	Gagauz	Gallegan	Gallo	Ganda	Garifuna	Gascon	Geez	Georgian	Georgian, Old	German	German, dialects of	German, Middle High (ca.1050-1500)	German, Middle Low (ca.1100-1600)	German, Old High (ca.750-1050)	German, Pennsylvania	Geviya	Gilyak	Gitonga	Gothic	Gourmanchéma	Greek, Ancient (to 1453)	Greek, Modern (1453-)	Gros Ventre	Guadelupean and Martiniquan Creole French	Guaraní	Gude	Guianese Creole French	Gujarati	Gujarati, Old	Gun	Gunwinggu	Gurani, Old	Gwich´in	Haida	Haitian; Haitian Creole French	Halbi	Halkomelem	Hanga	Harsusi	Hausa	Havasupai-Walapai-Yavapai, dialects of	Hawaiian	Hebrew	Herero	Hidatsa	Hiligaynon	Hindi	Hindustani, Caribbean	Hittite	Hmong	Hopi	Huichol	Hunde	Hungarian	Iaai	Iban	Icelandic	Icelandic, Old	Igbo	Ijo Southeast, dialects of	Ilocano	Indonesian	Ingush	Inuktitut	Inuktitut, dialects of	Inupiaq	Iraqw	Irish	Irish, Middle (900-1200)	Irish, Old (to 900)	Italian	Italian, dialects of	Italian, Old	Itelmen	Ivatan	Izon	Jabutí	Jacalteco, Western	Jamaican Creole English	Japanese	Japanese, Old	Jarai	Javanese	Javanese, Caribbean	Jola-Fonyi	Judeo-Arabic	Judeo-Persian	Jula	Kaba	Kabardian	Kabardian-Cherkess	Kabiyé	Kabuverdianu	Kabyle	Kadiwéu	Kala Lagaw Ya	Kalaallisut	Kalenjin	Kalmyk; Oirat	Kamba	Kangri	Kanjobal, Eastern	Kanjobal, Western	Kannada	Karachay-Balkar	Kara-Kalpak	Karelian	Karen, S'gaw	Karok	Kasem	Kashmiri	Kashubian	Kawi	Kaytetye	Kazakh	Keres, Western	Khakas	Khakas, dialects of	Khanty	Khasi	Khmer	Khotanese	Kikuyu	Kilivila	Kiowa	Kirghiz	Kiribati	Kitja	Kituba	Klamath-Modoc	Klingon; Ingan-Hol	Koalib	Komi-Permyak	Komi-Zyrian	Kongo	Konkani	Konkani, Goanese	Koonzime	Korean	Koryak	Koyukon	Krahô	Krio	Kriol	Kumauni	Kumbainggar	Kumiai	Kumyk	Kuna, San Blas	Kurdish	Kurumba, Alu	Kutenai	Kuvi	Kven	Kwakiutl	Kxoe	Laari	Lacandon	Ladino	Lahu	Lak	Lakota	Lamba	Lamnso'	Lao	Lari	Latin	Latvian	Lele (Papua New Guinea)	Lesing-Gelimi	Letzeburgesch	Lezghian	Lillooet	Limousin	Lingala	Lisu	Lithuanian	Liv	Lombard, dialects of	Luba-Lulua	Luiseño	Lushootseed	Macanese	Macedonian	Machiguenga	Mahican	Maithili	Makuráp	Malaccan Creole Portugese	Malagasy	Malagasy, Masikoro	Malay	Malayalam	Malecite-Passamaquoddy	Mali	Malo	Maltese	Mambila, Cameroon	Manchu	Mandan	Mandingo	Mandinka	Mangarayi	Maninka, Konyanka	Maninkakan, Eastern	Maninkakan, Western	Mansi	Manx	Maori	Mapudungun	Marathi	Margu	Mari (Russia)	Mari, Western	Matengo	Maya, Chan Santa Cruz	Maya, Yucatán	Maya, Yucatan, dialects of	Mazatec, Huautla	Mbato	Mbuko	Mehri	Meitei	Melpa	Menominee	Merey	Meskwaki	Miao, Chuanqiandian Cluster	Michif	Micmac	Minoan	Miwok, Lake	Mixe, Tlahuitoltepec	Mixtec, Magdalena Peñasco	Mizo	Mofu-Gudur	Mohave	Mohawk	Moksha	Moldavian	Mon	Mongo	Mongo, dialects of	Mongolian, Classical	Mongolian, Halh	Mongolian, Peripheral	Montagnais	Moré; Mossi	Morisyen	Moro	Mukulu	Multiple languages	Mundang	Mundari	Nahuatl, Central Puebla	Nahuatl, Classical	Nahuatl, Coatepec	Nahuatl, Highland Puebla	Nahuatl, Temascaltepec	Nali	Nanai	Naskapi	Natchez	Navajo	Ndebele, North	Ndonga	Neapolitan	Nemi	Nenets	Nengone	Nepali	Newari	Nez Perce	Ngaanyatjarra	Ngaju	Ngalkbun	Ngambay	Ngambay, dialects of	Nganasan	Niger-Congo, other languages	Niuean	Nogai	Nootka	Norman	Norse, Old	North American Indian Languages, other	Norwegian	Norwegian, Bokmål	Norwegian, Nynorsk	Not Supplied	Nubian languages, other	Nubian, Old	Nuer	Nunggubuyu	Nyanga	Nyangumarta	Nyanja; Chichewa	Nyunga	Occitan (post 1500); Provençal	Ojibwa	Okanagan	Omaha-Ponca	Oneida	Oriya	Orokaiva	Oromo	Oromo, Borana-Arsi-Guji	Oroqen	Osage	Ossetian; Ossetic	Pahlavi	Paicî	Paiute, Northern	Palawano, Brooke's Point	Pali	Pampanga	Pangasinan	Panjabi	Papiamento	Pashayi, Northeast	Pashayi, Northwest	Pashayi, Southeast	Pashayi, Southwest	Pawnee	Persian, Old	Persian, Old (ca.600-400 B.C.)	Picard	Picard, dialects of	Pidgin, Nigerian	Pije	Pima Bajo	Pintupi-Luritja	Pitjantjatjara	Plautdietsch	Polish	Populca, Texistepec	Portugese, Old	Portuguese	Prakrit	Provençal, dialects of	Provençal, Old (to 1500)	Prussian	Pulaar	Pular	Pushto	Quechan	Quechua	Quechua, Ambo-Pasco	Quechua, Cusco	Quechua, North Bolivian	Quechua, South Bolivian	Quiche	Quiché, Central	Raeto-Romance	Raeto-Romance, dialects of	Rajasthani	Rarotongan	Réunion Creole French	ROM	Romani, Balkan	Romani, Baltic	Romani, Carpathian	Romani, Kalo Finnish	Romani, Sinte	Romani, Vlax	Romani, Vlax, dialects of	Romanian	Romanian, Macedo	Romanian, Old	Rundi	Russian	Russian, Old	Rwanda	Saami, Inari	Saami, Kildin	Saami, Lule	Saami, Northern	Saami, Skolt	Saami, Ter	Saint Lucian and Trinidadian Creole French	Salinan	Salish, Southern Puget Sound	Samo, Southern	Samoan	Sangil	Sango	Sanskrit	Santali	Sara	Saramaccan	Saraveca	Sardinian	Sarsi	Saxon, Old	Schwyzerdütsch	Scots	Scots, Middle (to 1700)	Sea Island Creole English	Selkup	Seneca	Senoufo, Cebaara	Seraiki	Serbian	Serbo-Croatian (to 1992)	Seselwa Creole French	Shan	Sharanahua	Shina	Shona	Shor	Shoshoni	Sicilian	Sindhi	Sinhala	Skagit	Slovak	Slovenian	Slovenian, dialects of	Sogdian	Somali	Songhai, Koyraboro Senni	Songhay, Humburi Senni	Songhay, Koyra Chiini	Soninke	Sorbian, Lower and Upper	Sotho, Southern	South American Indian Languages, other	Spanish	Spanish, dialects of	Spanish, Old	Squamish	Sranan	Sumerian	Sumo-Mayangna	Suruí	Swabian	Swahili	Swati	Swedish	Swedish, Old	Syriac	Tabassaran	Tagalog	Tahitian	Tajik	Tamajeq, Tayarat	Tamashek	Tamazight, Central Atlas	Tamil	Tamil, Old	Tanacross	Tanana, Lower	Tanana, Upper	Tangale	Tangut	Tarifit	Tat, Muslim	Tatar	Tausug	Teanu	Tektiteco	Telugu	Tembo	Tetum	Tewa	Thai	Thayore	Tibetan, central	Ticuna	Tigrinya	Timne	Tiwa, Northen	Tlingit	Toaripi	Tok Pisin	Tokelauan	Tongan (Tonga Islands)	Toraja-Sa'dan	Torres Strait Creole	Trió	Tswa	Tucuya	Tulu	Tuparí	Tupí	Turkana	Turkish	Turkish, Old	Turkish, Ottoman (1500-1928)	Turkmen	Tuvinian	Tzotzil	Ubykh	Udi, dialects of	Udihe	Udmurt	Ugaritic	Uighur	Uighur, dialects of	Ukrainian	Ukrainian, Old	Ulch	Unami	Urdu	Uzbek	Uzbek, Old	Venetian	Veps	Vietnamese	Vlaams	Vlaams, dialects of	Wallisian	Walloon	Walmajarri	Wangganguru	Wapishana	Warlpiri	Wayampi	Wayana	Wayuu	Welsh	Welsh, Middle	Wichita	Wintu	Wolof	Worora	Wyandot	Xârâcùù	Xhosa	Yakut	Yalarnnga	Yaminahua	Yana	Yankunytjatjara	Yanyuwa	Yaqui	Yiddish	Yine	Yoruba	Yuchi	Yukaghir, Northen	Yuki	Yupik, Central	Yupik, Siberian	Zapotec	Zarma	Zulgo-Gemzek	Zulu	Zuni
1979	1	13			7	7	4	1			1			2			98		2	5	3						259					3					76							4				2		13				53				1						28	5				78			95								1				8					265			10	2										44								2		3			1		438	1							3	13						3			1										878						584	8										1				1		1	455		1			9					21850		6	2	3	1	137			1						2		95			140			5951	2	5	23										1	1	4				2		91		4982		23		3							551	97						21															257				81	2						804			27					9	3	4				12			1558									235			4							6							1		9					16	7	10	1	2			2				71		2		1		3		1			53								3					16		1							3	1	1			1								1				1		617	109				3		1			121							37			3			1		32	8						1								1				25		9						1					1											1				4	38	1		1		21	1			1			366									2						1	1	2		1											3			6	2	324			3									9					4						15	1				10			21															1		679			210	5		7				1		1					3		3		2		1						1	1	1	362	1			6667	1					3	1									168			2				2		1					1	1		451		3			1				1	3		197	57								3			795		1			4				4		1236		14				25			1	26									32		1		9				2		19																			57			31	1					6		11		220				56	86				24								6				5									12							111				2							2	
1980		10			7	4	8									4	80			1	1				1		264			1		6					60							3				2		16				50										19	3	1			104			89		1	1	1	1			1				5					240			13									1		35						1		1		2					449	1				4				14			1			1						1							574					1	573	8										3		2		1		1	428	4		1		4					21252		3	3	6	2	141			1						4		103			156			5909	1	4	13							1			4		1				1		80	1	4573		24							2		489	84					1	15							1					1			258				70	2						514			24					8	2	7				8	1		1581			1						211	1							1		10	1					1			2					10	14	7					1	2			70		3		1							65								3					26	2				4				1	1	4											2				2		534	81				3		1	1		99							36						1		21	20				1										1		1		16		10	1			1																						4	47					13							262				3					2			2					2		2											1			11	2	305			2									4					6						11					10			13														1			612			209	1		7				4		3					3		4													386				6336	7					1							1			179															2	1	329									5			137	44								3	1		790					3				3		1155		7	1			25		1	1	30									32				7				7		23											1								64			35	4					3		3		181				32	67				20							1	5				6									13							68									1			
1981	1	11			7	6	6									3	97			2	1						406					7					63							2				3		7				57				1						31			2		100			85											1	6					250			8	1								1		73		2						1		12					454					2				17						4						2	1						489						613	5										11		1					446	3				4					21886		3	5	1		112			1						4	1	66		2	155			5700		4	12		1								1	1	5		1				77		4506	1	25		1							496	76						14															229				58	2						492			26					11	6	6				13			1477									198	1		1							14	1						2		12					20	10	9	1				1				79		3		2	1	2					56								10					9	1								2											2		1				3		506	90				1					85							28								26	14				1										4		1		23		10					1													1								4	34					26							285				2													4													1			10	1	267			3									1					7						12					8			21																	536			176	2		5				2		1					2		3													394				6071	1					2							1			227	1							1	1							2	324							1		1	2		130	53			1					3	2		758				1	2				3	2	913		3				29				23									36				4				11		27												1							71			28	3					4		6		190				27	57				29	1			1						1		7									10							57		1									1	
1982	1	8			7	4	9									2	71			10	2	1					441					11					78													15				66										24	4				125			83								1				5					270			9	5								2		85								4		3		1			532					4				13						1			1	1		3							515					1	589	9														2			440					7					21712		8	7	3	2	137			2	1					5		82			142			5471		8	18										1		1						110	1	4417		19		2			2				503	81		1				17															245				52	4	1					715			33	1				7	3	3				6			1532			1						222	1			1						12	2			1					8					16	14	15					1				76						3		2			65								5					13									3		3							1		1		1				2		477	83				2					99							40						1		15	7																1		12		6																										6	45					16	1	1	1	2			425									2								4		1											1			11	2	313			4									4					3						10					8			17																	507			179	2		3						1					1		3		1									1		388				6068	7		1		1	2	3						2			181			6				1	1								1	421										1		141	61			2					7			796				1	4				1		974		8	2			39			1	23									38				11				7		22			1																65	1		30	4					3		5		192		1		32	74				29				2					1			9									11							60		1		2							1	
1983	1	16		1	2	6	12						1			3	72		1	7	2						349							1			80		2					2				2		26	1			62										23	7				75			78												4		1			237			12	4										136		3	1			4				5					664					3			2	17						2		2											572			1		1	655	6												1		1		2	493	2				4					22560		8	6	6	3	133									1	2	80			177			5373		5	33				1		1				1		7						88		4540		33		2			1				499	79						9														1	236	1			56	2			1			644			16					9	5	2				10	1		1525									251										7									16					7	11	8					1				66		2	1			1					65								7					16					1				2		4											4				1	1	473	75				3					90							52						1		15	15				1		1								2		2		13		9				1																						9	45					18							417				2					3						1		1		1											2			8	3	315			4					1				4					7						10					13			9																	410			202	4		6				3		1					3	1	2		1								3			321				6267	4					7										193			6					3	1								493									2	1		127	106			1					8		2	801		1		5	4				2		1037		5	1			37				21									31				6				4		24									2										59	2		46	1					6		6	1	179				26	84				17												4				1					14							59				2					1		2	
1984		20			5		9									4	71			1	3						309					9					78		1					1				4		9				70				1						25	6				97			93						1					3	6					279			9	5								1		152										6					615					1			1	21						5						3							669						621	3			1													2	562	3	1			3					25286		6	4	1	1	149		2							3	1	84		1	192			6078	1	7	22				2		1				3	1	10						80	1	4666		31									576	114						7															344				49	8						697			39					10	6	4				13		1	1592									286	1			1						10	2								9					10	7	16	4				3	1			87		1									42								5					17									2		1		1							2		4				3		583	87		1							92							47								2	3				2										3				14		9	5																									6	51					13							457				3			1		5			1		1			6		1	1										3			10	1	310			4									3					6						16		1			9			12																3	458			222	4		1	1		1	9		1					2		3													362				6391	8					1										185			9					1	1						1	1	399									1	1		159	78								7			871		1		3	3	1			1		1027		5	2			40				15									30				10		1		5		24																			70			46	5					6		6		180				24	71				24	1							1				3				1					9							63				2	1							
1985	2	18			5	3	16		1							2	84			5		1					321					11					83		2					2				1		16	1			57				1						25	9	1			106			99												3					248			7	2										135		4				1				5		1			503					6			3	12						1				1		3	1						824						595	7																	618	2				8					27032		13	2	7	2	127		3							5	1	78			234			6840		2	29				1		1				3		9						107		5314		26		3			1				612	89			1			10														2	341				58				1			648			34		1			10	4	7			1	15		1	1767									368	1									5	2			1					14					9	14	8	3				1				81				1				1			70							2	6					11						1			4		5									1		1				1		610	83				2					84							74						1		19	6				1		1							1			1		12		10																										7	60		1			20							535				4					10			1					3		2											4			11		348		1	10			1						12	1				3						18					8			10																	466			261	2		5				3		2					2				3								1	1		338				6479	14					3					1					156			1					1	3								458									1	1	1	188	83								4			899		1		4	8						1019		12				38		1	3	14									36				8				2		23																			80		1	33	6				1	10		9		188				27	85				18								1				11									9							52				3								
1986		15		1	3	5	18									3	60			7	2						470			1		7				1	79		2					2						18				60										26	1				105			77											1	5					202			11	1										109		5						1		3		1			317					1			4	13						5						1							845					1	613	5														1		2	617	3	1			7					28101		15	4	5	3	146			4						4	1	97		2	233			6975	4	7	25				5						6	1	8		1				93	2	5456		31		1	1		2				592	74		1				11															293				54				1			654			38					12	4	8				21			1748									348			1							10	1								10					15	11	10	1				1				68		2		3		2					42							1	3					10									5		3								1			4				1		653	82				6					96							47								2	8								1								2		14		4				1																						8	77					11		1					453				1					3								2		1											1			9	1	327		1	3									5					3						21					16			14																	514			263	2		3		1		5							2		2		1				3				1			279				6613	17					3		1								144																	403								1	2	1		219	75			2					4			1012		1			9				4		1042		3	1			41			2	11									41				2				2		39									1										66	2		34	6			1		7		4		212	1			56	62				21												29				1					9							57				1								
1987	1	20			4	1	9									3	44			7	3						421					15					78	1						1				1		9	1			64			3	1						23	4				82			59												4				1	216			7											86		2				1		1		4	1	3			357	1				5			2	15						3				1		4	2						805					2	550	7														1			631	1	1			4					30142	1	3	2	4	4	137		2	2						3	1	91		1	228			6935	2	4	47				2						11		7					1	125	1	5260	1	32		2							562	86			1			9														1	234				47		1		1			534			32			1		8	2	8				12			1878									325		1	2			1				10				1			1		34					6	11	10	4								84		3		2				2			48							2	3					18									3		4									3		9				2		662	91				2					109							61			1					6	9				3												6	2	14		8																										7	68					17							486				3													1		2											1			10	4	311		1	7									7					10						15					18			25																	426			337			1				7		1					5				1									1		244				6509	13					3		1								131									2	1							442					1				4	4		187	82			1				1	3			1106		1			5				1		1085		11	1			35		1		15	1		1			1			29				15				9		35								7											77	2		40	2					8		1		178				39	48				15								1			1	15				1					7							54		1		1							1	
1988		12			3	1	6									1	31			5	2	1					402		1			16					68							1			1		1	7				51			1	1						31					86			58								1									207			9	2										105		3						2		6					307								1	14						3		1		1		3	1						715						519	5														2			535	3				9					27800		9	6	1	6	139			2						3	4	72			275			6574		7	15				3				1		8	1	7						105	1	4936	1	17								1	476	83						3												1			276				46							583			47					5	6	6				8		1	1774			1						379	2		2							6									13					6	6	13	2					1			68		1		1		3		4			53								6					16									8											1		3				3		592	67				3					82							58								4	10				2										1		9		4		6																										7	59					6							464				2					3			1	1				3													3			7		299			8					1				2					5						17					7			5																	460			295	1		5				3		2					2		2						1							227				6401	12					2									1	97		1														1	356										1		205	65			1					5	2	2	1190		1		1	3				1		1104		3	2			44		1	1	15								1	23				7				3		28					1	1		3	1										64	1		24	6	1				6		1		217	1	1		21	51				20				1								12									11							66				1					1			
1989		9			1		13									6	32			2	2						281					5					68		2					1						10				46										22	9				78		1	36												4					182			9	1										139		1	2					1		6					293								2	9						1						1	3						705	1					386	6						1								2			379	3				4					21991		7	5	4	7	104									1	1	97			192			5520	1	3	24				1							1	11						86	2	4287		24		1			2				419	89		1				1												2			216				45				1			480			33	1	1			6	6	2				12			1536									328	2									6					1		1		4					6	8	13	2				2				65		1		2		1		3			35							2	6					20									3		2									1		2				1		458	71				1					73							69								2	7																3		12		8																									2	5	34					8							396						1			3								4		2			1							1	1			7		265			5									4					4						24					8			13															1		469			268	2		8				3							1		5		2				1							192				5526	10					3							1			122							1		1							2	341	1					1			1	4		187	56								5			1250		1		1	6				2		1003	1	12				38				19						1			24				7				5		25			1					7					1						60			27	3			1		9		3		198				35	67				12												4	1		1						4				1		1	54		1		1								
1990		6			3		5							1	1		67		1	1							507					13					49		3					6	3					11	2			34										17	27				50			35												6					135			9	2										250		2	2					1		6					326				1	1		1	1	11						4			1			2	3						713						561	7												1				1	498	2	1			7	1				30664		8	6	2	3	100			3	1					1	1	104		2	242			6983		6	26	1	1		5						2	1	9						46		5208		19					1				541	85				1		10												1			283				40		1					431			47		1			15	1	1				6			1906									391	1					2				6	1			2			1		6					8	9	6									56		2		3		1		1			38							1	3					17						1			2		6									2						1		594	47				1					38			1				12			1			2			7				1					1					1		6	1	6		3										1																9	44					3							363									4								1		1											3			14	1	373		1	17									4					9						9					11			13																2	383		1	318	3		5									1	1	3		4										1	1		116				4226	10					6									1	178								1							1	6	86					2				1	1		151	17					1			5			2007		1		1	2				2		1144		4				35			1	17								1	18				6				4		21								8							1				49			24	3					4		4		126				49	57				12												15						1			9							57		1										
1991		5			5		8						1			1	31		3	1	2						394					19	1			1	25							5				4		3				28										5	9				29			46											2	3					75			6	2								2		107		1	1							2		1			266					1			1	5	1				1	3		1		1		3	8						651					1	612	3			1				1					1		1		1	523					10					33698		15	15	3	2	44			2						2		71			181			6911		12	40				1		1				3		15				1		35		5583		32		1							590	88						11															284				47		2		1			379			44					17	1	3				10	1	2	1773					1		1		372	1			1		1				7							1	1	2					9	4	4	1				1				31		1						1		1	15				1				2			1		35									3		5					1	1					2				2		601	28									30							10		1	1			3		2	5	1			1			1							1		21	1	10		4				1																						7	17					2							297				2							1	1			1				3		1						1						8	3	418		3	2									7	3		1		9					1	2			1		7	1		8						1		1					1				365			265	1		7		1		1		1					1		2										1	5		66				2353	10				2	2										177								1	2				1		1	3	146										1		119	49								1			1438		1		5	2				2		1233		9	1			13		4		14			1						10				8			1	8		39				1				3									1		77		3	16	2					3		4		67	2			51	28	2			18												19			1						2							56				1							1	1
1992					2		13									9	25				3	1					323					22					16							3				5		2	1			8						1				4	10				11			68								1			1	2					39			2	3										91	1	1	1							1		1			428				1	1			1	5						5						1	4						460					1	676													2					523	2				6			1	1	39192		11	8	1	2	53		1							5		88		4	151			8558		9	35	1	1		3								5						2		6036		25	1				1	1			699	86		1				5	1													1	355				41	1				1		187			24	2	2			23		1		2		14	1		1934									433	1		2																4		1			15	5		1								2		1				1					6							2						73							1		1		4									1						1		660	10				1			1		20			1			1	23								1	3						2		1						1		7		21		1																					1					4	2					2							257			1	4					1								1		3								1						14	3	330		2	4							1		20					8			1			2				1	9			8	1																419		1	336			11													4		3						1			2		56				1555	4				1	1							9			171			1				1									3	302									4	3		93	52			1					1		1	1586		2		3	6						1132		12				2		1		10								1	13			1	12				10		50								8						1					69	1		2						2				23			1	36					20												24								2	2			1				51		1		1							2	
1993	1				5	3	13									5	28			1	2						344					14					15					1		4	1					6	2			1				2						10	79	2			12			57									25		1	9					46			2	2								2		383	1	3	25		1			1		1					408	1							3	3				1		6			5	3			85						450						601			1		1						1							618	4			1	12					41599		8	4	1	2	69		1							2		94		1	197			8279	3	7	29	1	1		1		1				3		58				1		3		6642	1	25		2							671	78			1			8					1							1			356				40				3			138			33	1			2	15		3				16			2056									406			1			1				3				1					3			1		12	5		1				1				3		2				1		2			3								3	1				76	1										5											3	1			2		700	13							1		56							55						1		3	5																4		7		2	1									2																1	5				1	3							298				2					1										2														15	3	392			24									15					8						3	1				18			7							1										422			406	2		3											3		1		5					1				2		61			1	1566	4					3							15		1	132									1							137	28						1			1	1		89	69			1		1			3			2172		3		2	4				2		1179		7	1		1	1		1	1	16								1	13				15				7		59																			64	2			1					3	1			18				31	7			1	19						1						10	1								4							49								1			1	
1994		2			1	1	19							1		1	31		1		6				1		316					18	1				24		1					4	1				1	5				5		1								7	31				19			54									39			9					40			1	3								1		259			10		1	2								1	431	3	5						2	5						5		1	1	11			169		1				437					2	650	2	1		1										1		1		646	6	1			13		1			44855		3	3		4	87			1						3		68		3	362			8168	5	7	52			1	3		2				3		31				2	1	9		7523		37									689	106		2			2	6														1	391				48				3			325			27	2				15	1	4				12	1	1	2067		1							465	1			5		1				2				1						1				11	1		1				1				1						3												4						83											11											1	1					770	9				2					55							71						3		3	16						1		1								1		16		2				1		1																			1	1	28					4							311				4								1			1		1	1	3					1					5				14	4	426			39									20			1		11						1					15			14									2	1							393			330			8				3		1					1		2		1		2									59				1584	7					8							9			113				1									1			186		1								3	2		115	68			1					1			1885		2		4	7			1	3		1341		11	1					1	3	11									6				20				9		61																			64	1		3	1					2				21				28	1				24												11				1					8							41		1		1				1			1	
1995			1		3	1	14									5	35				4						311					16					17							3	1				2	3	1		2	1				2						12	47				13			67									39	1		13					30		1	1	2										238	4	1	6			1				6	1				441	1	1						3	1		1				9		1	2	19	1		124						408					3	641	1										1					2		704	2				9					45080		12	4	2	5	123			1				1		2		83		2	381			7374	1	16	42				9						1	1	25						12		7583	1	14				1	1				688	115		5			4	7							1								374				36				3			264			36	5	1		1	24		6				5	1	2	2098				1					422	2		2							1	2			2										6					1		1		1		3		4		1	1	4					5							1	1					75					1				1		8									1		1				1		824	10				3			4		59	2						81			3			2		3	11				1				1								3		9		3	1									1																2	29					1							336				1								1			2															1			13		514			53						1			25					11						2	1	1			19			5									1								367			284		1	11						2					2		2			8	1									81				1410	8					5				1			7			122										1						157	4								1		4		85	134			1					1			1805		4			2		1		3		1149		8	1		1	2		3	5	6									9	1			9				8		63									4	1									65			1	4					1				46				30	1				31								2				10	1								4							48		3		2								
1996							13									1	28		2			2			1		314					10				1	19		1	1					2		1		1		1					1		2						16	31				13			59							1		26			22					24			1	1			1							304	2		19					1		1		1			401	2	1			1		1	3	4						3			5	7			110	1					227					1	625	1														1			697	3	1			8					46446	1	14	5	3	4	118			1					1	1		80			362		1	6903	3	14	42		3		3						2		46				1	2	9		7292		28									637	101		3			1	9							2					1			393				38				2			217			52	4				13	1	4				10	2	2	2148									473				1		2				3				2					2	1		1	1	8			1								2						2					7					1			1					62					1				1		5									1			1			1		713	8	1			1					53							92						2		1	6				2						1				2		2		19		1						1																					47												271				4				1				2			1		1													1			15	3	544		3	50									25					10	1	1	1			1					13			12						1			1								387	1		308			6				1		1					2		1			4	1		1	1						69				1257	4	1				4				1			4			103							1	2	1			1				180	1								1	1	2		66	161	1	1	1		1		2	1			1863		1		1	4				4		1339		6						1	3	16				1					15				12				7		60								3	7										58									2				30				19	1			1	26												35									3							57		1									2	
1997							12									8	27		1		3					1	329					14	1			1	8							4	1						1			1				5						1	37				15			83							1		17			17					32					1				1					276	12		13							2					377		3	1					3	1						4		3	3	7			114		3				245				1	1	794						1												757	2				11					49700		8	4		4	161									2		90		1	364			7551	7	11	41				10	1	1				4		46				1	2	2		8184		14									536	163	1	11	1			16							2					1			375		1		49			3	1			110		1	48	2				9		5				9	1		2451									566						1								1			1			1				5																	3	1	1			1					1								84			1								3		2							4						1		717	8			3						39		1					53						1		2	10							1	1							1		1	12		1						1				1																1	48					3							181				3								1					1					1							3				8	2	526		6	22									28					12							1				12			12								2	4								416			401			8				2		1					1		2			4	3						1			92				1253						3							4			99									1	1					1	182	4									3	3		66	119											2097		1			3				3		1455		9				1		1	4	15									2				4				8	1	61								4											81			1							1			22				15					37					1							36				2												48		1									2	
1998							15									6	36		4								322					10					10		1				2	2	9						1			2				1							44			1	8			90	1							1	20			13					41				1							1			399	3		18		1										368			1					3							2			3	2			120					1	258						711													1					729	3				15					49649		12	3	1	3	170									1		88		4	349			7519	1	11	26				4	1			1		3	1	42				1		9		8483		9			1						637	144		11			2	9							3						1	1	426				40		1	1	1		1	235			40	3				7		4	1			5			2533									613					1									3			1		1					9							1				2	1					1								1					1					74											5		1									2		1		4		708	14							1		34							96						1		2	22											1	1				2	1	16		1						1				1										1				1		1	62					5				1			236				2								1							8			1							5				12		515		4	54		1							35					15							1				15			16									2	1	1		1				419			420	4		12					1	2					6		4			1	1		1							94				1193						2			1		2		1			119						1		1	3							263	2			2						7	4		85	75			1	1		1	1				2090		3	1		6				1		1330		5				3			3	19									1				9			1	5		71				1				5	1										74													31				28	3				20			1									26				1							3					51	1							1	2			1
1999							3									9	30		1								545				1	9					19							3	3					1	2			8		1		2						3	49				13			72									16		1	13					51				3		1				2		1	1	380			20			1	2	1	1			1			702		1			2			5	1		1			1	2		1	1	5		1	120		3	1			247						869																		868	3				11					57045		6	9	5	3	119									5		195		6	395			8567	4	22	47				3		1				9		60						6		8712		8									687	149		13			3	15															416				61							233			36					7		3				8	2	2	2952									2242														3			1		2					17							5								1							1		1						1			1		93								1			12									1						2		810	12			1						48				1			85	5					2		2	27								1					1			2		17		1		1	1					1		1																1	86					1				1	2		199				6													1	1	2							1			5				7		589	1	2	53					1				36					19						1					14			10									2								409			487			6				1		2	1				3		5			8	2	1	1			1				98		1		1349	5					5							4	1		165																215	5									4			111	89			5					1	1	1	2358		1			6				1		1422		3				1		1	3	18									4				17		1		3		73	2							5	4										83													34				45					18	1											81		1														47											2	1
2000		2		1			13			1						5	32		2		1			1			305					10					19							6	15								2	9				2							73				13			124									15		1	10					46				1										378	3		22				1	1							301								2						1	14		1	3	30			126						231					6	835																		791	5				3					48638		5	9		4	120									2		104		8	312			7947	4	10	36				4						7		67					1	7		7727		9									674	208		4	2			11						1						1		1	405				65							126			54	2				6		4				9	2	1	2732									805							1										3							27							1				2											1												1	71											4															1		696	6									33							36								2	15				1				1								1		34																													96												143				1	1		1								1			1	6														10		548		1	32	1			1					39	1			1	24							1			1	17			18	1							1	5								426			637	2		6						1			1		1		1		1		3		2				1			99				1264	1	1											3			160											1					244	4									1			73	59			1					2	1		2175					2				2		1398		7						1	3	20													13				6		71	1	2						8	7										119											1		13	1			67	1				25				1								106				2	3											42												
2001						2	4									11	32			1	4	1					354					13					6							8	2									1				1							79			1	16			106									12			12			2		29				3										434	2		27												398								1							5		1	2	3			170						272						784											1							801	3	1			16					54985	1	11	7		3	148			1						5	1	113		8	334			8470	4	12	30				8				1		6	1	109					2	6		9066		14		1							595	364		3				9		1					1		2			1		1	406				58		1		1			169			60	2	1			9		4				6	1	1	2884							1	1	1132						1								3			2							21											2						4					4	1												83											8							1								1		784	17									62	1						27			2			3		2	15																		15										1																			111					3				1			166				1								1			1				2	2									2				8		622	1	1	20	1								23	1				17											18			17																	587			772	1		5						2		1			2		5		1	4			2		1		1	3	1	154	1			1221													5			151	1							3	1							187	1									3	5		148	98											2575		1			7				5		1627		11					1	1	2	27									1				17				16		66							1	4											73		1								1	1		31				48					20	1											66															1	45		1		1							1	
2002	1	1			1	1	20									3	29	1			1	2					371					16			1		13			1	1			10	4													1							52			2	14			81									18			3					40		2		2										507	1		25							2					441								8							12				2			161						425						852										1								814	7				11					56365		11	8			216	2	1		1		1			2	2	135		8	321			8640	5	12	25				8	2	1				4		109					2	4		8865		9									647	349		3				11															380				48							181			88	3				11		1				3			2949	1					1			1784			2					1						3			4							12							1				3									1		1										2			197											4																	802	8								1	90							76				1		1		1	10																1		11		1										1							1										156					1	1		1				246				2											1														4				11		640		1	15					1				15	1				11											21		1	8																	442			541	1		1				1		1					2		4		1		1		4		2			1		103	1		1	1502	2					1							5			119	1							1	1							253						1					1		126	81								2		1	2618				1	3				2		1672		12				1		1	2	17					1								16				13		77																1			101			2			1					1		17				26	1		1		27				1	1							43																41		1									1	
2003			2				11									6	35				3	1					495					21					18							9	5			1		1				2											69				7			110									15			7					76				2										534			5					1							546		7						4							8			1	5			75		1				577						844									1			1						791	2				5					60724		9	5		5	300				2					6	1	119		11	329			9201	1	14	54				13	4				2	2	1	95					2	9		9290		19									626	409		2				12				1				1						2	366				56	1						237			76					12		2				2			3215	1								2363											1	1		4			6							10										1	7					2	4					5									1				407	1									1	5												1			2		713	17						1	1		55							36			2			3		2	18			1	1				1								2		18																													169					1			1	1		1	299															1	2			1														10		690	5	3	26									21					16							3	1			14			12	1										1	2					532			617	1		6				2							4		2	1	3	5	3				3					81				1910	4					3										157					2			2	2							365													150	86			1					1	1		3054					2				3		1721		11			6			1	5	23							1						4				13		83									2										98			4						1	2	6		25				42	1		1		16												130						1										46		1										
2004					4	1	13					1				13	28				4		1			1	940	3			1	21					32	1	1					10	8					1	2	1		10										7	58	2			11			137									12			6					67	1			2										511				1						1	1				754	1							7	9						14	1	1	7				214						667						925																		819	6				21					69828		7	5	3	4	385			1	2			1		4	2	120		1	328			9815	1	11	42			1	6		1				1		89		1			3	6		9920		15									640	450		2			1	8						1	3		1		1			3	399				61			1				217			87					16				1		8	1	1	3426	2								2683										1				1			7							14	2		1								5				2						1	23							1	1					466	1			1							10					1		1					1					799	19									65					1		48								6	14	1	1		2				1						1		3		19		2	1					1	1			1		1		1		1	1		1							2	40				1	10			1	1			245				2						1		1	1				2		1				1		1								7	2	779	21	3	152	1								22	1	1		1	7						1	7				20			12	1							4								1	606			534	1		5	1			5	1	1							7				1		4					1		163	2		1	2059	8	1				2			1	1		1				143					2			1	1				1			400		1								1	1		174	86			1					3			3013			1	1	10				3		1741		12				1			2	23									1				14			1	7		91					1										1				145		3	3	2					6		1		32				53	3		1		23					1					1		70	1			2		1			5			1				46		5	1						1			
2005					5		12									9	37				1	2					557					13					43								6				1	2	1			3			1	1			1	1	1	7	77				25			86									32			11	1		11		74	1		2	2				1						537										2					673	2				1	1		7	4						21			4				282				1		653	1	1				1330																1		898	1				10					70182		8	4	2	15	409									3	3	162			362	1		10170	1	9	34				9		2				3		107						9		10176		14									628	422		3				2			1				3								438				51							258			87	1	1			10		1				8	1		3643									3318	1		1			1							2	5			11		3					13											4				1		3					1							2	4	1				871											9									1		1						719	19					1				73							41								5	18				2										1		3		18		1				1				4		1			1				1						1				204					8	2						222				3								1					2													1	1		10		784	87	13	5									21	1				1						2		1			21			5	2			3													670			604			2				1		2					3		3	1			4			1	1					171				2453	7				1	3										162									5							470											2		213	92											2857	1				5				2		1721		11				1		2		17		1							7				7	5			17		90																			172	1	3		1					3		3		37	1			35	4				25	1											32	1						2		1	1						54		2								1	1	
2006					3		15									3	49				2	1					504	2				7					46							1	2	1				3	1			4	2				1					3	32				31	1		47									15			6					102			5	2			1							219								2		1					739					1			12							15		1		1			245						728					1	963																1		821	9				6					66751		5	10	3	2	422		1	1		1				3		121	1	7	396			8698	4	14	42				10						1	2	55		1				7		9471		14	1								626	331		4	1		2	1							3							4	402			2	44		1	2				266			120					7		1				7		1	3178									3256						1		2						2			16		2					4	1		2			1					7		1		2		3		1			1								4	2				865											2	1								3								696	23		1							51		1					65									2					1	1		1						1		4		5	1	3	2									1																3	198				1	7	1						81				1												1	1											2		1		1	8		672	99	4									1	17					1				1		1					17			2		1	1	1	1												576			549	1		3				2							1		2		1		5		4		2		1			174	1			2044	7			1	1	13										112					1			1	3							583							1						199	104								2			2535					4			1	1		1829		15			1			1	1	6					1				9				3	7			9		103								4										1	174		3	1	1					7	1	1		59				36	6		1	2	25	1	1										32	1					2			6					1		46												
2007	1	1	1		3		22									8	77				2						587			1	4	10					44		1						3	1				3			1	7				1					1	3	73				26	1		38									10		1	1	1				104			1	5								1		609		3	3							3					636								5	1						11			3	2			243						676					1	937														1				850					8			1		66480		8	9		4	419			1				1		5		106		6	498			9501	1	9	32				1						4		139	1		1		3	9		9800		8									782	300		3				2						2	1								417				35							244			111		2			13		3		2		4	1		3672		1							2646													1	1			11								2										2						5		1			2						1	1	5					573											4				1					1					2	3		704	37							1		60							66					1	3	1	1	4						1											1	5		1				2										1	1											2	240					4	4			1			16				3								1							1									4				1	7		686	157	8										13	1										1	1				14			4								1									640			582	1		4				1							4		5				5		2		3					176				1840	2				1	6							3			102							2	2	1							642		2									3		165	97			3					2	1		3044					5				1		2019		15			1	2		1		9									7				5				7		75																			222		1	3	1					3		1		54				13	1				36	1											41								1	4							51		1				2	1					
2008							42									7	28				1						403					10					23		2						6									7				1			1				71				25			26									10			1	3				60														455										1					382								3							3			5	3			367						682						632																		646					4					47163		10	6	2	2	346									8		89		8	442			6563		9	20				2		1				3	1	120					2	4		6892		5									459	145			1			2															335				16							217	1		122	1				4						8	1	1	2921	1							1	1565														2			5							1								2			2						2					1							1	3	1				259											5									2	2				3			552	42			1				2		31							46								1	2				5				1						1			2	1		3																1											226					4							2	1			2															3														9		677	189	12										10	2				1							1				25			3								1	1								433			443			3											5		1						2							112				1530	3				1	2										73								1								648	1				1					1		1	118	106								3			2548		1			7				4		1629		6		2						5									1				4				5		50																			254			1						4		1		35				20	7				19	2											32				1					1							29											1	
2009							3									4	13										177					11					25																																15			5									15								35														19															106								2							1							490						552						70																		253					2					14883		2	1		1	246										1	37			95			2041			1				1							1							3		2399											154	63						1															118				10							92			34	1				4						1			942									113									1																																																		32											1															1		173	7							1		7							27			1					13																														1																		184																																													3		153																												3																				222			102																5						1							27				638																13								1								496													65	62								3			475					4						280						2				1																			11																			102									6				23				4					3												1																15												
2010																											23																																																																																											1																						1																														1										210																	4						31																							19																																																				3									3									25																																																											31																																																					21																																																																																															2																																																																																																																				1														1											3																																																																												1																																													
2011																											2																																																																																																																													1																												17																							2																							9																																																													3																																																																																																																	1																																																																																																																																																																																																																																																				1											3																																																																																																														
2012																											2																																																																																																																																																																																																							2																																																																																																																																																																														1																																																																																																																																																																																																																																																																																																																																																																													
